member_id,join_date,cancel_date,gender,age,zip_code,membership_type
M0001,2022-01-21,2022-05-12,Other,39,46201,Classic
M0002,2023-01-01,,M,38,46203,Black Card
M0003,2024-12-27,,Other,53,46203,Black Card
M0004,2023-07-27,,F,41,46250,Black Card
M0005,2024-06-28,,F,49,46203,Classic
M0006,2023-02-28,,Other,64,46203,Classic
M0007,2022-04-01,,F,55,46250,Black Card
M0008,2022-12-28,,M,50,46250,Classic
M0009,2023-03-06,,F,46,46205,Classic
M0010,2023-10-17,,M,38,46205,Classic
M0011,2023-03-24,,M,23,46250,Classic
M0012,2022-12-16,,M,44,46205,Classic
M0013,2024-07-27,,F,22,46203,Classic
M0014,2024-03-15,,F,32,46203,Classic
M0015,2023-06-05,,F,49,46203,Black Card
M0016,2022-07-14,,F,54,46220,Classic
M0017,2023-02-10,,M,37,46203,Black Card
M0018,2022-05-22,,M,20,46205,Classic
M0019,2022-07-31,,M,49,46203,Black Card
M0020,2022-03-25,,M,52,46203,Black Card
M0021,2022-10-25,,Other,19,46250,Classic
M0022,2022-09-11,,F,30,46201,Black Card
M0023,2024-01-05,2024-12-22,F,22,46220,Black Card
M0024,2022-02-18,,M,19,46203,Classic
M0025,2022-07-07,,Other,61,46201,Classic
M0026,2022-07-20,,M,62,46250,Black Card
M0027,2024-09-01,,F,26,46220,Classic
M0028,2023-06-29,,M,58,46250,Classic
M0029,2023-02-14,,F,27,46250,Classic
M0030,2024-07-15,,M,60,46205,Classic
M0031,2024-11-23,,M,52,46250,Black Card
M0032,2024-11-06,,F,33,46201,Black Card
M0033,2024-04-29,,M,52,46203,Black Card
M0034,2024-05-22,,M,54,46203,Classic
M0035,2022-07-08,,M,35,46220,Classic
M0036,2023-07-29,,M,58,46203,Black Card
M0037,2024-11-27,,M,28,46203,Classic
M0038,2023-11-16,,M,30,46250,Black Card
M0039,2023-08-26,,M,63,46220,Classic
M0040,2022-03-01,2023-04-30,Other,21,46201,Black Card
M0041,2024-03-11,,M,34,46201,Classic
M0042,2023-12-03,,F,60,46203,Classic
M0043,2024-05-04,,F,21,46205,Classic
M0044,2024-02-27,2024-07-11,F,52,46201,Black Card
M0045,2022-08-08,2024-04-15,F,61,46250,Classic
M0046,2023-11-15,,M,52,46205,Classic
M0047,2023-04-15,2024-03-15,M,22,46220,Black Card
M0048,2023-05-24,2023-11-26,F,38,46220,Classic
M0049,2023-04-04,,F,46,46203,Classic
M0050,2023-05-25,,F,42,46203,Classic
M0051,2024-06-19,,F,24,46250,Classic
M0052,2023-08-14,,M,46,46203,Classic
M0053,2022-12-09,,F,21,46220,Classic
M0054,2023-03-19,,F,28,46250,Classic
M0055,2023-06-07,,Other,54,46205,Classic
M0056,2022-08-16,,F,39,46250,Classic
M0057,2023-08-24,,M,50,46203,Black Card
M0058,2023-07-26,,F,51,46203,Classic
M0059,2022-03-03,,F,29,46201,Classic
M0060,2024-02-08,2024-12-07,M,57,46250,Black Card
M0061,2022-03-31,2024-04-15,M,38,46205,Classic
M0062,2022-08-16,2023-03-17,Other,58,46203,Black Card
M0063,2024-02-29,,Other,49,46201,Classic
M0064,2024-12-22,,M,45,46203,Classic
M0065,2024-05-12,,Other,23,46203,Black Card
M0066,2023-11-08,,F,19,46201,Black Card
M0067,2022-03-04,2022-07-02,Other,36,46220,Classic
M0068,2024-05-01,,F,27,46250,Black Card
M0069,2022-11-15,2024-07-10,F,35,46205,Classic
M0070,2024-09-30,,M,54,46220,Classic
M0071,2024-03-03,,M,30,46220,Classic
M0072,2023-03-21,,M,40,46205,Classic
M0073,2022-07-08,,M,18,46203,Black Card
M0074,2022-08-02,,M,59,46205,Classic
M0075,2024-12-13,,Other,45,46203,Black Card
M0076,2024-03-04,,F,43,46220,Classic
M0077,2024-01-18,2024-02-18,M,63,46205,Classic
M0078,2022-07-19,2023-10-29,M,63,46220,Classic
M0079,2023-04-15,,F,44,46250,Classic
M0080,2024-06-23,,F,26,46250,Classic
M0081,2022-02-14,2023-02-02,M,31,46205,Black Card
M0082,2024-08-11,,F,45,46203,Classic
M0083,2022-07-05,2023-08-14,F,23,46203,Classic
M0084,2022-12-11,,F,57,46201,Classic
M0085,2023-05-06,,M,21,46250,Classic
M0086,2022-06-06,,Other,39,46203,Classic
M0087,2024-08-18,,M,34,46250,Black Card
M0088,2023-10-28,,F,29,46250,Black Card
M0089,2022-06-08,2022-09-28,M,36,46201,Classic
M0090,2023-08-21,2024-09-16,M,39,46201,Classic
M0091,2024-02-14,,F,31,46220,Black Card
M0092,2024-07-28,,F,49,46220,Classic
M0093,2024-09-15,2024-12-06,F,50,46201,Classic
M0094,2023-11-03,,M,27,46201,Classic
M0095,2024-07-28,,F,41,46203,Classic
M0096,2024-03-02,,F,30,46205,Classic
M0097,2024-07-22,,M,51,46220,Classic
M0098,2022-08-19,,F,47,46201,Classic
M0099,2024-02-16,,F,47,46205,Classic
M0100,2024-08-03,2024-11-23,M,63,46220,Classic
M0101,2023-10-10,2024-05-09,M,48,46250,Black Card
M0102,2024-11-23,,Other,22,46205,Black Card
M0103,2022-09-27,,M,44,46250,Classic
M0104,2024-04-30,,M,55,46220,Classic
M0105,2024-07-06,,M,28,46203,Black Card
M0106,2022-06-03,2024-08-06,Other,31,46203,Classic
M0107,2023-06-09,,M,42,46203,Black Card
M0108,2022-11-09,,M,39,46220,Classic
M0109,2023-01-03,,M,32,46205,Black Card
M0110,2023-06-30,,F,38,46203,Classic
M0111,2022-06-14,,Other,18,46201,Black Card
M0112,2024-08-19,,M,40,46205,Classic
M0113,2022-11-03,,M,41,46201,Classic
M0114,2023-09-25,2024-10-29,Other,21,46205,Black Card
M0115,2022-04-19,,F,44,46250,Classic
M0116,2023-05-28,,M,59,46205,Black Card
M0117,2022-05-10,,M,18,46250,Classic
M0118,2023-07-08,,F,39,46201,Black Card
M0119,2024-03-20,,M,58,46220,Classic
M0120,2022-03-24,2022-08-27,M,63,46203,Classic
M0121,2024-09-19,,M,39,46203,Black Card
M0122,2023-05-08,,M,60,46201,Classic
M0123,2024-08-24,,F,63,46203,Classic
M0124,2024-03-30,,M,49,46205,Black Card
M0125,2024-08-10,,M,54,46205,Classic
M0126,2022-01-07,,M,26,46201,Classic
M0127,2022-09-13,,M,48,46205,Classic
M0128,2024-07-31,,F,58,46250,Classic
M0129,2023-04-20,,M,36,46205,Classic
M0130,2023-04-13,,M,53,46203,Classic
M0131,2023-09-03,,F,31,46220,Classic
M0132,2024-12-16,,F,32,46250,Black Card
M0133,2024-08-07,,F,56,46220,Black Card
M0134,2023-07-27,,Other,18,46203,Black Card
M0135,2022-06-14,,M,47,46203,Black Card
M0136,2022-05-30,,F,36,46250,Classic
M0137,2023-07-09,,F,25,46201,Black Card
M0138,2022-06-13,,F,21,46205,Black Card
M0139,2024-01-21,,M,60,46201,Classic
M0140,2023-07-22,,M,20,46201,Black Card
M0141,2024-03-20,,M,60,46201,Classic
M0142,2023-06-09,,M,53,46203,Black Card
M0143,2024-06-13,,Other,38,46250,Classic
M0144,2024-07-28,,Other,38,46203,Classic
M0145,2023-05-07,,F,38,46201,Classic
M0146,2024-09-23,,M,25,46203,Black Card
M0147,2022-10-08,,M,51,46203,Classic
M0148,2024-05-01,,Other,22,46201,Classic
M0149,2024-07-24,,F,46,46205,Black Card
M0150,2023-10-30,2024-08-17,F,54,46250,Black Card
M0151,2023-08-07,,F,45,46205,Classic
M0152,2024-07-03,,F,30,46250,Black Card
M0153,2023-05-28,,Other,42,46220,Classic
M0154,2024-06-23,,M,30,46205,Classic
M0155,2024-06-28,,M,21,46250,Classic
M0156,2022-02-07,2024-05-20,M,35,46220,Classic
M0157,2022-07-02,,F,29,46201,Classic
M0158,2022-12-06,,M,38,46203,Classic
M0159,2024-07-21,,F,64,46250,Classic
M0160,2022-04-24,2022-09-27,F,60,46203,Black Card
M0161,2024-11-22,,F,53,46205,Classic
M0162,2023-10-06,,M,61,46203,Black Card
M0163,2022-04-10,,M,31,46205,Classic
M0164,2023-08-30,,M,27,46201,Classic
M0165,2023-03-14,,F,52,46203,Black Card
M0166,2024-06-07,,Other,29,46205,Classic
M0167,2023-10-05,,M,39,46250,Black Card
M0168,2022-02-17,,F,37,46203,Black Card
M0169,2022-08-05,,M,58,46205,Black Card
M0170,2024-10-18,,F,56,46250,Black Card
M0171,2022-05-27,2024-05-22,F,19,46203,Classic
M0172,2023-08-26,,M,19,46203,Classic
M0173,2024-10-24,,M,29,46220,Classic
M0174,2023-09-30,,F,53,46203,Black Card
M0175,2023-09-14,,F,50,46250,Classic
M0176,2023-08-28,,F,25,46250,Classic
M0177,2023-07-11,,F,43,46203,Classic
M0178,2022-10-03,2024-04-14,F,20,46250,Classic
M0179,2022-03-02,,M,38,46205,Classic
M0180,2024-12-25,,M,19,46250,Black Card
M0181,2022-07-08,2023-02-18,M,57,46201,Classic
M0182,2024-10-15,,M,26,46201,Black Card
M0183,2022-02-18,,M,47,46201,Classic
M0184,2022-05-04,2023-05-04,F,52,46220,Classic
M0185,2023-11-08,,M,38,46203,Classic
M0186,2023-11-11,,F,41,46203,Classic
M0187,2022-04-18,,F,52,46203,Classic
M0188,2023-11-18,,F,54,46201,Classic
M0189,2024-05-07,,M,18,46220,Classic
M0190,2022-01-21,,M,41,46201,Black Card
M0191,2022-04-13,2022-10-01,M,62,46220,Black Card
M0192,2022-06-05,,M,43,46220,Classic
M0193,2023-01-27,,M,28,46220,Black Card
M0194,2023-08-26,2024-01-25,F,64,46205,Classic
M0195,2022-10-18,,M,45,46205,Classic
M0196,2024-08-10,,M,29,46203,Classic
M0197,2023-04-10,,M,34,46250,Black Card
M0198,2022-03-27,,M,51,46220,Classic
M0199,2024-04-13,,F,36,46220,Classic
M0200,2024-11-24,,M,38,46205,Classic
M0201,2024-01-04,,M,49,46220,Black Card
M0202,2022-08-17,2023-06-07,F,61,46203,Classic
M0203,2023-05-02,,M,48,46205,Classic
M0204,2022-10-17,,M,54,46250,Black Card
M0205,2022-02-08,2023-07-02,F,47,46220,Black Card
M0206,2023-10-12,2023-11-13,F,28,46201,Classic
M0207,2022-07-22,2023-12-26,F,21,46203,Classic
M0208,2022-08-14,,M,33,46201,Classic
M0209,2024-11-05,,M,58,46220,Classic
M0210,2023-03-17,,M,60,46205,Black Card
M0211,2024-02-28,,F,33,46250,Classic
M0212,2022-09-14,,Other,25,46201,Classic
M0213,2024-06-04,,Other,38,46203,Black Card
M0214,2022-09-13,,M,44,46201,Black Card
M0215,2022-11-30,,M,27,46201,Classic
M0216,2022-02-28,,F,59,46203,Black Card
M0217,2023-07-11,,Other,43,46203,Black Card
M0218,2023-06-04,,F,52,46201,Black Card
M0219,2024-03-02,2024-12-29,F,43,46205,Black Card
M0220,2024-02-02,,F,48,46220,Classic
M0221,2022-10-22,,M,55,46203,Black Card
M0222,2023-12-08,,M,20,46203,Classic
M0223,2024-03-15,,F,61,46220,Classic
M0224,2024-04-10,,M,59,46220,Black Card
M0225,2022-01-15,2023-07-25,Other,45,46205,Classic
M0226,2023-02-27,,F,45,46203,Classic
M0227,2022-11-27,,F,39,46250,Black Card
M0228,2023-10-23,,F,53,46203,Classic
M0229,2023-04-14,,F,64,46205,Classic
M0230,2024-10-09,,F,58,46205,Classic
M0231,2022-06-17,,M,63,46250,Classic
M0232,2022-02-28,,Other,41,46220,Classic
M0233,2024-10-01,,M,20,46201,Classic
M0234,2022-11-29,,F,31,46205,Black Card
M0235,2022-12-31,,F,62,46220,Classic
M0236,2022-02-20,,M,29,46220,Classic
M0237,2024-05-04,,F,62,46203,Classic
M0238,2022-04-29,,M,40,46205,Black Card
M0239,2024-08-23,,F,31,46220,Black Card
M0240,2024-01-29,,M,42,46203,Black Card
M0241,2024-07-08,,Other,45,46250,Classic
M0242,2022-07-30,2023-12-10,F,57,46250,Classic
M0243,2023-03-13,2023-12-08,M,32,46250,Classic
M0244,2022-11-05,,M,48,46201,Classic
M0245,2022-12-30,,M,22,46250,Black Card
M0246,2023-12-20,,Other,45,46220,Black Card
M0247,2024-08-02,,M,41,46220,Classic
M0248,2022-04-28,,M,33,46203,Black Card
M0249,2024-06-15,,F,57,46201,Black Card
M0250,2023-02-02,,F,22,46205,Classic
M0251,2024-01-01,,M,47,46205,Black Card
M0252,2023-10-22,2024-11-24,M,40,46201,Classic
M0253,2022-06-03,2023-12-27,F,20,46205,Classic
M0254,2022-08-22,,F,51,46205,Black Card
M0255,2024-12-06,,M,24,46250,Classic
M0256,2024-05-01,,F,20,46201,Classic
M0257,2024-06-07,,M,50,46203,Black Card
M0258,2022-04-22,2024-08-20,M,24,46201,Classic
M0259,2022-03-09,,F,20,46205,Classic
M0260,2023-09-04,,M,59,46205,Classic
M0261,2022-03-12,,M,32,46220,Classic
M0262,2022-05-02,,M,57,46203,Classic
M0263,2022-01-01,,F,55,46201,Black Card
M0264,2023-03-14,,M,46,46220,Black Card
M0265,2022-10-08,2023-10-09,F,18,46203,Black Card
M0266,2022-07-06,,F,62,46203,Black Card
M0267,2023-06-28,,M,20,46250,Classic
M0268,2023-07-22,,M,63,46205,Black Card
M0269,2022-09-27,2023-12-23,F,43,46220,Classic
M0270,2024-09-25,,F,41,46205,Black Card
M0271,2023-07-15,,M,27,46220,Black Card
M0272,2024-06-02,,F,55,46250,Black Card
M0273,2024-04-08,,F,35,46203,Classic
M0274,2023-09-25,,M,40,46203,Classic
M0275,2023-08-12,,M,34,46203,Black Card
M0276,2022-07-30,2023-02-04,M,58,46205,Black Card
M0277,2024-11-11,,Other,23,46203,Black Card
M0278,2024-09-04,,M,22,46220,Classic
M0279,2023-04-22,,M,40,46201,Classic
M0280,2023-08-07,,M,61,46205,Classic
M0281,2024-08-24,,M,19,46250,Black Card
M0282,2023-08-21,,F,54,46250,Classic
M0283,2023-11-06,,Other,38,46220,Classic
M0284,2022-09-13,2024-02-27,M,57,46205,Classic
M0285,2023-09-29,,F,19,46205,Black Card
M0286,2023-08-14,,M,31,46250,Classic
M0287,2024-10-19,,Other,61,46220,Black Card
M0288,2024-02-09,,M,46,46220,Classic
M0289,2022-04-12,2024-02-14,M,64,46250,Classic
M0290,2024-01-31,,Other,26,46205,Classic
M0291,2023-10-20,,Other,48,46205,Black Card
M0292,2023-07-16,,F,57,46203,Classic
M0293,2024-11-16,,F,21,46203,Classic
M0294,2024-12-04,,F,22,46201,Black Card
M0295,2024-08-01,2024-12-06,M,35,46205,Classic
M0296,2024-07-14,,F,64,46203,Black Card
M0297,2022-12-26,,F,20,46250,Black Card
M0298,2022-01-27,,M,29,46220,Classic
M0299,2022-09-14,2024-10-01,F,36,46201,Classic
M0300,2022-01-14,,M,47,46205,Black Card
M0301,2023-08-10,,M,64,46220,Black Card
M0302,2024-09-14,,M,47,46201,Classic
M0303,2024-03-08,,M,56,46201,Classic
M0304,2024-02-21,,Other,27,46201,Classic
M0305,2022-05-13,2023-07-27,M,18,46250,Black Card
M0306,2022-08-22,2024-02-03,F,63,46203,Black Card
M0307,2024-01-26,,M,47,46220,Classic
M0308,2022-07-02,,Other,49,46250,Classic
M0309,2023-05-30,,M,62,46220,Black Card
M0310,2023-03-19,2024-12-06,F,60,46201,Classic
M0311,2024-09-14,,M,61,46201,Classic
M0312,2022-09-04,,Other,23,46250,Classic
M0313,2023-01-21,,M,34,46203,Black Card
M0314,2024-10-11,,F,19,46250,Classic
M0315,2022-10-06,,M,36,46201,Classic
M0316,2024-08-06,,F,18,46250,Classic
M0317,2023-12-07,,F,23,46220,Black Card
M0318,2024-10-29,,Other,57,46220,Classic
M0319,2023-07-19,,M,54,46205,Classic
M0320,2023-08-20,2024-03-14,M,31,46220,Black Card
M0321,2024-06-03,,F,20,46205,Classic
M0322,2022-11-03,,F,51,46205,Black Card
M0323,2023-01-09,,F,52,46205,Black Card
M0324,2023-08-19,2024-02-21,M,27,46205,Classic
M0325,2022-05-23,2022-07-27,F,61,46201,Classic
M0326,2022-02-24,,M,32,46205,Black Card
M0327,2023-03-05,,F,27,46220,Classic
M0328,2022-10-04,2024-02-28,F,50,46250,Black Card
M0329,2022-03-13,,F,59,46220,Black Card
M0330,2022-08-14,,F,38,46220,Classic
M0331,2024-12-10,,M,26,46203,Black Card
M0332,2023-10-23,,F,36,46220,Classic
M0333,2024-07-01,,M,27,46220,Classic
M0334,2024-09-27,,F,19,46250,Classic
M0335,2024-09-29,,M,29,46220,Black Card
M0336,2023-08-27,,M,25,46203,Black Card
M0337,2024-09-25,,M,64,46220,Black Card
M0338,2023-11-02,2024-12-19,F,48,46250,Black Card
M0339,2023-01-19,,Other,50,46205,Classic
M0340,2024-04-29,,M,18,46203,Classic
M0341,2022-08-28,,M,24,46201,Black Card
M0342,2023-08-20,,M,35,46201,Black Card
M0343,2022-03-21,,Other,31,46203,Classic
M0344,2023-04-08,,M,53,46201,Classic
M0345,2022-05-19,2024-06-04,M,54,46203,Classic
M0346,2023-09-28,,M,25,46250,Classic
M0347,2024-01-13,,Other,57,46203,Classic
M0348,2022-10-01,,F,38,46203,Black Card
M0349,2023-12-16,,Other,59,46250,Black Card
M0350,2024-10-07,,M,54,46205,Classic
M0351,2023-02-11,2023-06-29,F,53,46250,Black Card
M0352,2024-09-05,2024-11-10,F,63,46250,Classic
M0353,2024-09-07,,F,45,46203,Classic
M0354,2023-08-09,,M,63,46205,Black Card
M0355,2022-10-25,,F,51,46250,Classic
M0356,2022-06-29,2024-07-10,F,42,46250,Black Card
M0357,2023-09-13,,M,62,46205,Classic
M0358,2022-04-02,2024-04-16,M,55,46203,Classic
M0359,2022-05-22,,M,33,46201,Classic
M0360,2024-08-05,,F,54,46250,Classic
M0361,2023-05-17,,F,48,46203,Classic
M0362,2023-09-21,,M,27,46203,Classic
M0363,2024-05-10,2024-07-04,F,47,46250,Black Card
M0364,2024-02-27,,Other,40,46203,Black Card
M0365,2023-12-28,,M,63,46203,Classic
M0366,2024-04-10,,M,23,46203,Classic
M0367,2024-10-03,,M,23,46203,Classic
M0368,2024-02-22,,F,36,46203,Classic
M0369,2022-03-21,2024-01-23,M,25,46201,Classic
M0370,2023-07-17,2024-01-16,M,32,46201,Classic
M0371,2024-06-15,,M,53,46220,Classic
M0372,2022-06-29,,M,39,46205,Black Card
M0373,2022-12-29,,M,27,46203,Classic
M0374,2024-02-11,,F,44,46220,Classic
M0375,2024-09-20,,F,36,46201,Black Card
M0376,2022-08-29,,M,26,46250,Black Card
M0377,2023-10-03,2024-01-29,M,27,46205,Black Card
M0378,2023-04-15,2024-12-10,M,39,46250,Black Card
M0379,2023-01-09,2023-10-10,F,18,46220,Classic
M0380,2023-07-11,,F,49,46201,Classic
M0381,2022-02-26,,F,40,46220,Black Card
M0382,2023-03-16,,Other,34,46203,Black Card
M0383,2024-02-10,,M,58,46203,Black Card
M0384,2024-11-26,,F,20,46203,Black Card
M0385,2023-03-24,,F,49,46250,Classic
M0386,2023-04-05,,M,19,46250,Classic
M0387,2024-04-04,,M,49,46203,Classic
M0388,2024-12-04,,F,63,46201,Classic
M0389,2022-06-05,,Other,28,46220,Classic
M0390,2024-08-30,,F,52,46205,Black Card
M0391,2024-05-23,,M,36,46201,Black Card
M0392,2023-02-15,,F,41,46250,Black Card
M0393,2022-03-24,,M,52,46250,Classic
M0394,2024-01-02,,F,55,46203,Classic
M0395,2023-06-28,,M,48,46205,Classic
M0396,2024-09-27,,F,35,46205,Classic
M0397,2023-03-24,,M,53,46250,Black Card
M0398,2022-05-08,,Other,23,46201,Classic
M0399,2023-07-30,,F,64,46203,Classic
M0400,2023-12-26,,M,22,46205,Black Card
M0401,2022-08-07,2023-07-12,M,32,46205,Black Card
M0402,2023-08-28,,M,45,46201,Classic
M0403,2023-12-11,,M,25,46250,Classic
M0404,2022-01-15,2022-12-26,F,39,46250,Classic
M0405,2023-11-19,,M,25,46220,Classic
M0406,2024-10-15,,F,21,46201,Black Card
M0407,2022-01-26,,F,61,46203,Classic
M0408,2024-02-05,,F,47,46220,Classic
M0409,2022-06-22,,M,49,46220,Classic
M0410,2024-01-30,,M,20,46220,Classic
M0411,2024-11-29,,F,19,46203,Black Card
M0412,2023-03-01,,M,51,46203,Black Card
M0413,2024-12-11,,Other,32,46203,Black Card
M0414,2023-06-19,,F,18,46203,Classic
M0415,2023-10-19,,M,45,46250,Black Card
M0416,2023-03-19,,F,40,46201,Black Card
M0417,2022-03-03,,M,48,46203,Classic
M0418,2023-05-02,,M,57,46220,Black Card
M0419,2022-12-09,2023-10-24,F,24,46201,Classic
M0420,2022-05-26,,F,42,46201,Classic
M0421,2022-07-10,,F,58,46220,Classic
M0422,2023-07-31,,M,51,46250,Classic
M0423,2023-11-25,,F,59,46205,Black Card
M0424,2023-05-17,,F,52,46205,Black Card
M0425,2023-09-12,,M,34,46220,Black Card
M0426,2024-07-10,,M,51,46203,Black Card
M0427,2022-05-13,,M,19,46250,Black Card
M0428,2022-10-24,,F,19,46250,Classic
M0429,2024-07-23,,M,53,46205,Classic
M0430,2024-12-12,,F,32,46205,Classic
M0431,2023-11-20,,M,36,46201,Classic
M0432,2023-05-27,,F,37,46201,Classic
M0433,2022-12-01,,M,28,46203,Classic
M0434,2023-12-04,,Other,44,46203,Classic
M0435,2024-05-15,,M,36,46250,Black Card
M0436,2023-10-24,,M,42,46205,Classic
M0437,2023-03-03,,F,21,46201,Black Card
M0438,2022-12-02,2024-03-14,M,34,46220,Classic
M0439,2024-03-11,,M,56,46205,Classic
M0440,2022-05-01,,M,46,46201,Classic
M0441,2024-12-19,,M,41,46250,Black Card
M0442,2024-10-10,,F,40,46205,Classic
M0443,2022-08-18,,F,59,46201,Classic
M0444,2022-05-16,,M,55,46201,Classic
M0445,2023-10-16,,M,23,46205,Classic
M0446,2024-05-06,,M,33,46205,Classic
M0447,2024-04-12,,M,29,46205,Classic
M0448,2023-08-11,2024-10-24,F,26,46203,Black Card
M0449,2024-10-12,,Other,39,46201,Classic
M0450,2024-06-02,,F,27,46203,Black Card
M0451,2024-07-24,,F,47,46205,Classic
M0452,2024-08-02,,M,51,46220,Classic
M0453,2022-11-23,2024-08-26,Other,39,46250,Classic
M0454,2024-12-15,,M,24,46250,Black Card
M0455,2022-08-14,,M,35,46250,Classic
M0456,2023-12-27,,F,29,46201,Classic
M0457,2022-10-23,,F,46,46203,Black Card
M0458,2022-03-22,,F,24,46203,Black Card
M0459,2023-05-09,,F,64,46205,Classic
M0460,2024-01-17,,M,54,46205,Black Card
M0461,2023-09-12,,M,48,46250,Black Card
M0462,2022-09-03,,M,38,46220,Classic
M0463,2024-07-16,,M,51,46250,Classic
M0464,2023-09-10,,Other,23,46205,Black Card
M0465,2023-06-19,,F,29,46205,Black Card
M0466,2024-08-23,,F,26,46203,Black Card
M0467,2024-10-21,,M,25,46201,Classic
M0468,2024-09-20,,F,36,46203,Classic
M0469,2024-01-20,,M,62,46220,Black Card
M0470,2024-05-10,,M,33,46205,Black Card
M0471,2024-08-16,,F,61,46220,Black Card
M0472,2024-01-11,,F,59,46205,Classic
M0473,2022-01-27,,F,40,46201,Black Card
M0474,2023-11-19,,M,22,46220,Classic
M0475,2022-07-14,,Other,31,46205,Classic
M0476,2022-05-14,,M,47,46220,Black Card
M0477,2024-06-24,,Other,44,46201,Black Card
M0478,2023-04-24,2024-11-15,F,59,46250,Classic
M0479,2023-09-29,2024-08-16,F,45,46220,Classic
M0480,2024-04-26,,F,34,46203,Classic
M0481,2024-10-16,,M,43,46205,Black Card
M0482,2022-07-07,,F,48,46220,Classic
M0483,2023-10-31,,Other,46,46203,Classic
M0484,2022-06-16,,F,27,46250,Black Card
M0485,2024-01-19,,M,34,46205,Black Card
M0486,2022-07-01,,M,50,46250,Black Card
M0487,2023-05-02,,F,38,46201,Classic
M0488,2022-06-20,,F,46,46203,Black Card
M0489,2022-01-13,,M,39,46203,Classic
M0490,2024-10-04,,F,61,46203,Classic
M0491,2022-01-06,,M,43,46250,Classic
M0492,2023-10-18,,M,45,46203,Black Card
M0493,2022-03-09,,F,24,46201,Black Card
M0494,2023-02-13,2023-08-20,M,49,46201,Classic
M0495,2024-11-22,,F,47,46201,Classic
M0496,2022-08-01,2022-10-16,F,29,46205,Classic
M0497,2023-01-04,,M,59,46220,Black Card
M0498,2022-04-20,,M,46,46205,Classic
M0499,2024-12-16,,M,31,46220,Black Card
M0500,2023-03-24,,M,38,46220,Classic
M0501,2024-03-06,,F,19,46220,Black Card
M0502,2023-03-13,2024-06-18,F,20,46205,Classic
M0503,2023-11-09,,M,33,46220,Classic
M0504,2023-06-28,,M,54,46201,Black Card
M0505,2022-06-19,,M,57,46203,Classic
M0506,2024-12-12,,Other,61,46201,Classic
M0507,2023-09-19,,M,26,46220,Black Card
M0508,2022-03-28,,M,46,46250,Classic
M0509,2024-04-15,,M,18,46201,Classic
M0510,2022-01-06,,F,30,46201,Black Card
M0511,2022-08-04,,F,38,46201,Black Card
M0512,2024-05-30,,Other,35,46201,Black Card
M0513,2022-08-17,,F,54,46220,Black Card
M0514,2024-01-14,,M,58,46250,Classic
M0515,2024-07-21,,F,47,46220,Classic
M0516,2024-05-22,,M,21,46203,Classic
M0517,2024-12-08,,F,44,46250,Classic
M0518,2022-05-23,2022-09-18,M,37,46250,Classic
M0519,2024-09-19,,F,49,46220,Black Card
M0520,2023-09-01,2023-11-27,F,61,46201,Black Card
M0521,2022-11-15,,M,48,46250,Classic
M0522,2023-05-20,,F,54,46205,Black Card
M0523,2024-09-07,,F,33,46201,Black Card
M0524,2024-01-27,2024-06-15,Other,62,46205,Classic
M0525,2023-10-17,,M,44,46250,Black Card
M0526,2022-12-04,,F,63,46205,Classic
M0527,2022-03-02,,M,52,46250,Classic
M0528,2022-08-23,,M,29,46250,Black Card
M0529,2024-08-03,,M,57,46205,Black Card
M0530,2023-09-07,,M,21,46220,Classic
M0531,2024-12-23,,M,49,46203,Classic
M0532,2024-03-05,,Other,50,46205,Black Card
M0533,2022-01-27,,F,52,46203,Black Card
M0534,2024-10-21,,M,56,46250,Black Card
M0535,2023-10-11,,F,59,46203,Black Card
M0536,2024-07-11,,M,18,46250,Classic
M0537,2023-09-13,,M,32,46250,Black Card
M0538,2022-12-03,,M,47,46250,Classic
M0539,2022-04-18,,M,42,46250,Black Card
M0540,2022-05-05,,M,63,46203,Black Card
M0541,2023-07-05,,M,50,46205,Classic
M0542,2023-01-23,2024-09-08,F,53,46205,Classic
M0543,2023-12-04,2024-05-26,M,27,46203,Black Card
M0544,2022-09-13,,M,52,46205,Classic
M0545,2023-03-27,2024-02-29,F,63,46220,Classic
M0546,2022-04-06,,F,40,46220,Classic
M0547,2022-01-09,,F,64,46220,Black Card
M0548,2024-06-30,2024-10-18,M,61,46203,Black Card
M0549,2022-10-13,,F,31,46201,Black Card
M0550,2023-12-25,,F,28,46220,Black Card
M0551,2023-09-19,,M,52,46250,Black Card
M0552,2024-06-22,,M,38,46201,Black Card
M0553,2023-04-02,,F,26,46203,Classic
M0554,2022-06-07,,F,39,46201,Classic
M0555,2023-03-17,,M,49,46201,Black Card
M0556,2022-03-21,,Other,42,46203,Classic
M0557,2024-10-27,,M,51,46203,Classic
M0558,2022-09-25,2024-02-04,M,46,46203,Black Card
M0559,2022-07-08,2023-12-29,F,34,46201,Black Card
M0560,2023-11-26,,M,18,46201,Classic
M0561,2023-06-12,,M,32,46201,Black Card
M0562,2024-10-23,2024-11-30,M,36,46201,Classic
M0563,2022-02-05,,F,34,46201,Black Card
M0564,2022-07-27,,M,27,46250,Classic
M0565,2023-03-01,2024-05-31,M,28,46203,Black Card
M0566,2024-02-21,,Other,21,46220,Black Card
M0567,2022-05-31,2024-09-27,F,49,46250,Black Card
M0568,2022-04-12,2022-10-05,M,19,46205,Classic
M0569,2023-10-20,,M,56,46220,Classic
M0570,2024-10-16,,M,35,46201,Classic
M0571,2024-04-06,,F,25,46220,Classic
M0572,2022-05-09,2023-02-02,M,41,46220,Classic
M0573,2024-11-30,,M,58,46201,Classic
M0574,2023-01-13,,F,22,46220,Classic
M0575,2023-04-13,,M,40,46203,Classic
M0576,2023-03-09,2023-06-28,F,50,46205,Classic
M0577,2024-08-20,,Other,37,46220,Black Card
M0578,2023-06-04,,F,55,46203,Classic
M0579,2023-11-10,,F,63,46205,Classic
M0580,2023-11-02,,F,36,46201,Classic
M0581,2023-07-08,,F,36,46203,Classic
M0582,2024-11-07,,M,33,46250,Black Card
M0583,2023-01-11,2023-10-01,Other,35,46205,Black Card
M0584,2024-09-25,,F,50,46203,Black Card
M0585,2024-08-25,,M,47,46250,Classic
M0586,2022-08-21,2023-12-13,M,44,46201,Classic
M0587,2024-04-21,,F,32,46250,Classic
M0588,2023-06-13,,Other,63,46205,Classic
M0589,2023-12-22,,M,49,46201,Classic
M0590,2022-10-02,,M,48,46205,Black Card
M0591,2022-01-22,,F,60,46250,Classic
M0592,2023-06-05,,F,33,46201,Black Card
M0593,2023-04-03,,F,63,46220,Classic
M0594,2022-12-06,2023-09-21,M,42,46250,Black Card
M0595,2023-04-09,,M,52,46201,Classic
M0596,2022-02-16,2023-04-09,F,45,46220,Black Card
M0597,2023-09-27,,F,27,46250,Classic
M0598,2022-08-06,,Other,44,46201,Classic
M0599,2024-07-14,,F,55,46203,Classic
M0600,2024-08-07,,M,28,46220,Classic
M0601,2022-08-10,2024-02-11,M,40,46220,Classic
M0602,2023-05-26,,F,51,46201,Black Card
M0603,2022-08-01,2024-05-19,F,35,46205,Classic
M0604,2023-08-18,,M,59,46203,Black Card
M0605,2022-11-03,2023-11-26,M,57,46205,Classic
M0606,2023-05-06,,M,21,46220,Black Card
M0607,2022-08-08,2022-10-27,F,43,46205,Black Card
M0608,2023-11-11,,F,30,46220,Black Card
M0609,2023-03-06,,M,64,46250,Black Card
M0610,2022-03-02,2023-08-11,F,38,46201,Classic
M0611,2024-06-18,,F,57,46203,Classic
M0612,2024-07-18,,M,43,46201,Classic
M0613,2022-12-12,,M,39,46250,Classic
M0614,2022-05-02,,F,58,46220,Classic
M0615,2024-02-07,,M,28,46205,Classic
M0616,2023-06-26,,F,35,46201,Black Card
M0617,2022-07-20,,Other,24,46220,Black Card
M0618,2023-03-28,,M,43,46203,Classic
M0619,2024-10-01,,F,58,46220,Classic
M0620,2022-02-02,,F,63,46250,Black Card
M0621,2024-01-21,,M,26,46205,Black Card
M0622,2024-08-06,,M,43,46201,Classic
M0623,2024-09-16,,M,30,46203,Black Card
M0624,2023-04-15,,F,19,46203,Classic
M0625,2023-07-24,,F,27,46250,Black Card
M0626,2023-04-11,2024-07-24,M,32,46205,Classic
M0627,2023-07-01,,F,61,46205,Classic
M0628,2024-10-25,,Other,43,46203,Classic
M0629,2023-09-07,,Other,22,46205,Classic
M0630,2022-03-08,,M,48,46250,Classic
M0631,2024-07-24,,M,23,46250,Black Card
M0632,2023-09-27,2024-07-25,F,22,46201,Black Card
M0633,2022-05-14,,F,38,46203,Black Card
M0634,2024-01-05,,F,61,46201,Classic
M0635,2022-08-25,,F,56,46250,Classic
M0636,2024-01-29,,M,57,46250,Black Card
M0637,2022-12-10,,Other,62,46220,Classic
M0638,2023-03-29,,M,24,46201,Black Card
M0639,2023-02-26,,M,36,46250,Classic
M0640,2023-04-21,,M,62,46203,Classic
M0641,2022-08-15,2022-12-28,F,42,46201,Black Card
M0642,2024-05-09,,M,42,46220,Classic
M0643,2023-03-26,,F,50,46220,Black Card
M0644,2024-03-22,,F,22,46250,Black Card
M0645,2023-09-26,,F,56,46203,Classic
M0646,2022-11-17,,M,19,46203,Classic
M0647,2023-08-23,,F,53,46205,Black Card
M0648,2023-08-05,,Other,26,46205,Black Card
M0649,2023-08-27,,M,36,46220,Classic
M0650,2024-09-29,,M,43,46205,Black Card
M0651,2023-08-03,2023-10-12,M,42,46220,Black Card
M0652,2023-02-05,,F,38,46201,Classic
M0653,2024-08-09,,F,28,46201,Classic
M0654,2023-09-29,,M,42,46205,Classic
M0655,2022-09-04,,Other,38,46220,Classic
M0656,2023-12-26,,F,18,46201,Classic
M0657,2023-06-14,2024-05-17,F,48,46220,Classic
M0658,2022-09-09,,F,22,46201,Classic
M0659,2023-12-30,,F,63,46203,Classic
M0660,2024-12-17,,F,25,46203,Black Card
M0661,2022-02-27,,F,18,46250,Classic
M0662,2022-08-30,2024-05-07,F,52,46250,Classic
M0663,2022-09-25,,F,28,46205,Classic
M0664,2024-01-14,2024-03-24,M,60,46220,Black Card
M0665,2023-12-04,,M,21,46201,Classic
M0666,2022-09-21,,F,54,46220,Classic
M0667,2024-07-19,,M,53,46205,Black Card
M0668,2024-10-03,,F,37,46250,Black Card
M0669,2023-10-22,,F,36,46205,Classic
M0670,2022-08-03,,Other,64,46205,Classic
M0671,2024-11-23,,M,32,46220,Classic
M0672,2022-07-26,,M,42,46203,Black Card
M0673,2022-12-12,,M,18,46250,Classic
M0674,2022-10-29,,Other,59,46220,Black Card
M0675,2023-11-25,,F,38,46220,Classic
M0676,2023-09-20,,M,40,46201,Black Card
M0677,2024-03-10,,F,45,46205,Black Card
M0678,2024-07-31,,F,49,46220,Black Card
M0679,2022-09-13,,M,19,46205,Classic
M0680,2023-01-27,,F,58,46250,Classic
M0681,2024-01-24,,M,37,46201,Classic
M0682,2023-06-16,,M,56,46201,Classic
M0683,2023-02-25,,F,37,46205,Classic
M0684,2023-04-13,,F,49,46203,Classic
M0685,2022-06-23,,M,64,46203,Black Card
M0686,2024-04-18,,M,35,46250,Black Card
M0687,2023-02-15,,M,32,46250,Classic
M0688,2022-11-13,,M,34,46201,Black Card
M0689,2023-06-08,,F,41,46201,Black Card
M0690,2023-03-22,,F,52,46250,Classic
M0691,2024-07-21,,F,50,46250,Black Card
M0692,2024-03-23,,F,39,46203,Classic
M0693,2024-06-29,,F,19,46205,Black Card
M0694,2023-05-31,,F,38,46220,Black Card
M0695,2024-12-23,,Other,20,46201,Black Card
M0696,2022-06-06,,F,46,46220,Classic
M0697,2023-08-08,,Other,37,46220,Classic
M0698,2024-07-19,,M,44,46203,Black Card
M0699,2024-07-08,,F,48,46250,Classic
M0700,2022-04-22,2022-08-16,M,45,46250,Classic
M0701,2024-07-23,,F,60,46205,Black Card
M0702,2022-05-11,,F,43,46203,Black Card
M0703,2023-03-15,,M,31,46203,Black Card
M0704,2024-12-04,,M,49,46203,Classic
M0705,2022-03-28,,F,57,46201,Black Card
M0706,2022-09-03,2023-06-15,Other,34,46203,Classic
M0707,2023-10-06,,M,59,46201,Black Card
M0708,2024-01-08,,M,22,46205,Black Card
M0709,2024-03-23,,F,51,46220,Classic
M0710,2023-06-25,,M,59,46201,Classic
M0711,2024-03-17,,M,20,46203,Black Card
M0712,2022-08-11,2023-07-03,Other,44,46220,Black Card
M0713,2024-12-10,,M,34,46220,Classic
M0714,2023-12-02,,F,45,46250,Classic
M0715,2024-10-02,,F,54,46250,Classic
M0716,2023-03-10,,M,60,46203,Classic
M0717,2024-08-09,,F,53,46205,Black Card
M0718,2023-09-08,,M,62,46201,Classic
M0719,2023-03-18,2024-04-17,F,53,46220,Classic
M0720,2023-12-06,2024-10-19,M,54,46220,Classic
M0721,2023-05-21,,M,52,46205,Classic
M0722,2023-08-21,,F,24,46201,Classic
M0723,2023-10-11,2023-11-10,M,22,46220,Black Card
M0724,2023-05-13,,F,31,46201,Classic
M0725,2023-06-13,2024-08-30,F,52,46220,Black Card
M0726,2024-08-15,,M,56,46220,Black Card
M0727,2024-02-04,,M,33,46205,Classic
M0728,2023-01-21,,M,45,46205,Classic
M0729,2024-10-31,,M,62,46220,Black Card
M0730,2024-11-10,,M,61,46250,Classic
M0731,2023-08-10,2024-03-17,M,63,46203,Classic
M0732,2023-03-03,,Other,30,46205,Black Card
M0733,2023-07-18,,Other,45,46220,Classic
M0734,2022-02-20,,M,51,46220,Classic
M0735,2024-06-23,,F,47,46205,Classic
M0736,2022-10-18,,M,28,46203,Black Card
M0737,2024-07-30,2024-10-05,M,23,46220,Black Card
M0738,2022-12-02,,M,30,46201,Classic
M0739,2024-11-24,,F,43,46220,Black Card
M0740,2023-04-16,2023-09-18,M,35,46220,Black Card
M0741,2023-06-21,,M,26,46201,Classic
M0742,2023-07-03,,M,37,46250,Classic
M0743,2024-10-25,,F,48,46220,Black Card
M0744,2022-01-18,2022-07-20,F,56,46205,Classic
M0745,2023-05-21,2024-10-26,M,63,46205,Black Card
M0746,2022-11-03,2024-02-07,M,35,46203,Classic
M0747,2023-06-27,,M,34,46203,Classic
M0748,2023-01-19,,F,19,46201,Black Card
M0749,2022-04-18,2024-04-03,F,41,46220,Black Card
M0750,2024-07-29,,F,58,46220,Classic
M0751,2022-09-01,,M,55,46201,Black Card
M0752,2023-08-19,,M,42,46201,Classic
M0753,2024-08-31,,M,21,46203,Black Card
M0754,2023-07-19,,M,36,46201,Black Card
M0755,2023-11-02,,F,40,46203,Classic
M0756,2022-12-17,2023-12-13,F,45,46220,Black Card
M0757,2023-07-25,,F,18,46220,Black Card
M0758,2024-04-30,,M,28,46250,Black Card
M0759,2024-10-08,,F,23,46220,Classic
M0760,2024-11-21,,M,33,46220,Classic
M0761,2024-05-02,,F,64,46205,Black Card
M0762,2024-11-07,,F,64,46205,Black Card
M0763,2023-01-29,,F,61,46220,Classic
M0764,2024-12-28,,M,51,46203,Classic
M0765,2024-02-21,,M,51,46220,Classic
M0766,2023-09-16,,F,29,46250,Classic
M0767,2022-11-20,,Other,35,46201,Classic
M0768,2022-01-14,,F,56,46205,Black Card
M0769,2023-05-06,,F,29,46220,Classic
M0770,2023-10-12,,M,45,46201,Black Card
M0771,2022-01-04,,F,36,46201,Black Card
M0772,2022-06-23,,Other,23,46250,Classic
M0773,2024-04-07,,F,55,46205,Classic
M0774,2023-06-16,,M,57,46203,Black Card
M0775,2024-11-12,,M,47,46220,Black Card
M0776,2022-06-27,2022-12-04,F,21,46220,Classic
M0777,2023-07-27,2024-02-07,F,37,46250,Black Card
M0778,2024-04-29,,F,60,46201,Classic
M0779,2024-04-16,,F,56,46203,Classic
M0780,2024-10-14,,F,38,46205,Black Card
M0781,2024-07-16,,M,31,46203,Classic
M0782,2022-10-09,,M,47,46205,Classic
M0783,2024-07-08,,Other,25,46205,Black Card
M0784,2022-07-19,2023-02-08,F,63,46203,Black Card
M0785,2023-02-23,2024-08-09,M,59,46220,Classic
M0786,2024-08-04,,M,34,46250,Classic
M0787,2024-10-05,,M,62,46220,Classic
M0788,2023-07-31,,F,55,46201,Black Card
M0789,2022-06-19,,F,60,46250,Classic
M0790,2023-08-01,,M,47,46220,Classic
M0791,2024-06-13,,F,41,46201,Classic
M0792,2023-10-09,2024-02-06,F,26,46203,Classic
M0793,2024-05-30,,F,61,46203,Black Card
M0794,2024-04-15,2024-10-12,F,61,46205,Classic
M0795,2022-10-26,2023-12-12,M,34,46250,Black Card
M0796,2023-03-08,,M,36,46201,Black Card
M0797,2024-11-25,,M,60,46201,Classic
M0798,2024-09-08,,F,52,46220,Classic
M0799,2023-11-08,,F,39,46203,Black Card
M0800,2022-05-01,,F,55,46205,Classic
M0801,2024-04-26,,F,20,46201,Black Card
M0802,2023-08-26,2023-10-01,F,19,46203,Black Card
M0803,2024-03-01,,F,22,46250,Black Card
M0804,2022-09-10,2024-01-20,F,39,46203,Classic
M0805,2023-02-20,2024-07-13,M,44,46220,Black Card
M0806,2024-12-20,,F,24,46220,Classic
M0807,2022-09-29,,M,40,46201,Black Card
M0808,2024-05-07,,Other,36,46205,Classic
M0809,2024-02-25,,F,37,46205,Classic
M0810,2022-10-28,2024-09-10,M,39,46201,Black Card
M0811,2022-03-27,,M,35,46203,Black Card
M0812,2022-05-05,,F,45,46205,Classic
M0813,2022-07-30,,F,41,46203,Black Card
M0814,2023-09-13,,F,27,46220,Classic
M0815,2022-05-07,,M,58,46201,Black Card
M0816,2024-01-29,,M,30,46203,Black Card
M0817,2022-12-13,,F,54,46220,Classic
M0818,2024-07-01,,M,61,46203,Black Card
M0819,2024-07-08,,F,32,46250,Black Card
M0820,2024-03-04,2024-11-07,F,41,46220,Black Card
M0821,2024-11-26,,M,40,46205,Classic
M0822,2024-03-20,,F,40,46203,Classic
M0823,2023-02-28,,M,44,46250,Classic
M0824,2022-03-23,2023-05-21,F,60,46203,Classic
M0825,2022-07-16,2024-03-27,M,24,46250,Classic
M0826,2022-01-09,,F,33,46203,Black Card
M0827,2022-03-31,,M,45,46220,Black Card
M0828,2022-02-11,,F,29,46220,Classic
M0829,2022-02-27,,M,33,46203,Classic
M0830,2023-02-05,,M,20,46220,Black Card
M0831,2023-12-09,,M,18,46205,Classic
M0832,2022-09-01,2023-06-24,F,18,46203,Classic
M0833,2022-03-07,2023-10-30,F,55,46250,Classic
M0834,2023-05-08,,F,57,46250,Black Card
M0835,2022-02-13,,F,60,46220,Classic
M0836,2022-08-06,2024-03-14,F,37,46201,Black Card
M0837,2024-06-18,,F,48,46203,Black Card
M0838,2022-01-08,,F,64,46203,Black Card
M0839,2023-10-25,,M,62,46220,Black Card
M0840,2022-06-16,,M,35,46201,Black Card
M0841,2023-05-07,,F,59,46205,Black Card
M0842,2022-08-10,,F,42,46203,Classic
M0843,2022-12-02,,M,34,46205,Black Card
M0844,2024-02-08,,F,59,46203,Black Card
M0845,2024-08-22,,F,42,46205,Classic
M0846,2022-05-03,,M,21,46220,Classic
M0847,2023-05-04,2024-11-02,M,60,46250,Classic
M0848,2022-12-27,,F,22,46220,Black Card
M0849,2024-06-09,,M,43,46201,Classic
M0850,2023-08-28,,F,55,46203,Black Card
M0851,2023-12-12,,M,55,46250,Black Card
M0852,2023-06-13,,F,40,46203,Black Card
M0853,2022-10-27,,M,27,46250,Black Card
M0854,2023-09-07,,F,64,46203,Classic
M0855,2023-11-22,,F,29,46201,Black Card
M0856,2024-11-14,,M,19,46205,Black Card
M0857,2024-12-21,,F,18,46203,Classic
M0858,2023-07-08,,Other,32,46203,Classic
M0859,2023-08-06,,Other,40,46201,Classic
M0860,2022-01-12,,F,28,46250,Classic
M0861,2023-04-28,2023-10-13,M,39,46220,Black Card
M0862,2022-03-27,2022-08-09,Other,38,46201,Classic
M0863,2024-06-21,,F,62,46203,Black Card
M0864,2024-01-04,,M,25,46250,Black Card
M0865,2022-05-27,2023-01-16,M,36,46250,Black Card
M0866,2024-10-26,,M,18,46250,Black Card
M0867,2024-02-01,,F,35,46201,Classic
M0868,2023-12-13,,Other,19,46220,Black Card
M0869,2024-09-09,,F,45,46205,Classic
M0870,2023-01-28,,M,56,46203,Black Card
M0871,2024-01-07,,F,29,46201,Classic
M0872,2022-09-28,,M,36,46205,Black Card
M0873,2024-12-07,,M,32,46205,Classic
M0874,2023-10-05,,F,35,46205,Black Card
M0875,2022-12-30,,M,56,46201,Classic
M0876,2024-11-04,,F,52,46201,Classic
M0877,2024-05-01,,F,61,46205,Black Card
M0878,2024-11-21,,M,44,46203,Classic
M0879,2022-11-17,2024-02-16,M,48,46201,Black Card
M0880,2024-09-15,,M,51,46201,Black Card
M0881,2022-12-14,2024-11-05,F,31,46250,Classic
M0882,2023-03-27,,F,43,46250,Black Card
M0883,2022-04-07,,F,43,46205,Black Card
M0884,2022-10-02,,F,29,46220,Classic
M0885,2023-10-11,,F,56,46201,Classic
M0886,2024-10-18,,M,34,46201,Classic
M0887,2022-09-05,2023-08-30,F,48,46201,Black Card
M0888,2024-11-03,,M,27,46203,Black Card
M0889,2024-10-20,,F,38,46205,Classic
M0890,2024-08-29,,F,59,46205,Black Card
M0891,2024-11-05,,M,29,46203,Classic
M0892,2023-07-14,,M,32,46205,Classic
M0893,2022-01-20,,F,19,46203,Black Card
M0894,2023-03-25,,F,43,46203,Classic
M0895,2023-08-10,,F,52,46250,Classic
M0896,2023-01-07,,M,26,46250,Classic
M0897,2023-12-30,,M,21,46203,Black Card
M0898,2022-08-20,,F,57,46201,Classic
M0899,2024-03-17,,M,44,46203,Black Card
M0900,2023-02-07,,M,29,46250,Black Card
M0901,2023-08-15,,M,28,46250,Classic
M0902,2024-04-26,,F,43,46203,Black Card
M0903,2024-07-30,,F,63,46250,Classic
M0904,2024-04-12,,F,55,46205,Classic
M0905,2024-06-24,,Other,50,46203,Black Card
M0906,2023-07-02,,M,30,46220,Black Card
M0907,2023-05-07,,F,59,46220,Classic
M0908,2024-06-27,,F,51,46201,Classic
M0909,2023-02-25,,F,59,46250,Classic
M0910,2022-01-20,,M,59,46203,Classic
M0911,2023-05-02,,Other,34,46203,Black Card
M0912,2024-02-25,,M,40,46203,Classic
M0913,2023-05-24,,F,51,46205,Classic
M0914,2024-03-19,,M,59,46220,Black Card
M0915,2023-10-15,,M,40,46220,Classic
M0916,2024-02-23,,F,45,46203,Classic
M0917,2023-01-14,2023-05-30,M,53,46205,Classic
M0918,2024-08-01,,Other,25,46220,Classic
M0919,2022-08-30,,M,52,46203,Classic
M0920,2023-05-03,,F,41,46201,Classic
M0921,2023-03-08,2023-08-26,F,22,46220,Classic
M0922,2024-03-18,,M,54,46201,Black Card
M0923,2022-08-09,,M,42,46201,Classic
M0924,2024-08-07,,F,50,46201,Classic
M0925,2023-04-07,2024-07-02,F,58,46250,Black Card
M0926,2024-05-18,,M,37,46250,Classic
M0927,2024-05-07,,Other,53,46201,Classic
M0928,2023-01-21,,M,24,46203,Classic
M0929,2023-12-29,,M,36,46201,Classic
M0930,2023-09-13,,M,23,46250,Black Card
M0931,2023-06-29,,F,33,46205,Black Card
M0932,2024-12-01,,M,22,46203,Classic
M0933,2023-04-04,,F,37,46220,Classic
M0934,2022-10-29,2024-05-24,F,33,46205,Black Card
M0935,2024-12-20,,M,18,46201,Black Card
M0936,2023-08-18,,F,54,46201,Black Card
M0937,2022-03-25,,F,22,46250,Classic
M0938,2023-11-13,,F,47,46220,Classic
M0939,2024-11-02,,M,33,46203,Classic
M0940,2023-11-11,,F,34,46203,Classic
M0941,2024-11-30,,F,33,46250,Black Card
M0942,2022-12-06,,M,30,46205,Classic
M0943,2024-07-02,,M,32,46220,Black Card
M0944,2024-08-21,,F,54,46205,Black Card
M0945,2023-01-23,,M,51,46250,Classic
M0946,2024-11-27,,M,44,46203,Black Card
M0947,2022-07-14,,F,55,46201,Black Card
M0948,2024-01-11,,M,31,46250,Classic
M0949,2022-08-18,,F,60,46203,Black Card
M0950,2022-06-10,,M,63,46220,Black Card
M0951,2024-11-07,,M,53,46220,Classic
M0952,2024-03-16,,M,44,46205,Black Card
M0953,2024-07-27,,M,39,46205,Classic
M0954,2024-12-07,,F,18,46201,Classic
M0955,2024-03-28,,F,30,46250,Black Card
M0956,2023-03-13,,F,19,46250,Classic
M0957,2024-07-30,,M,39,46205,Black Card
M0958,2022-03-05,2022-07-22,F,41,46203,Classic
M0959,2022-07-19,,M,20,46203,Classic
M0960,2023-12-28,,M,60,46201,Black Card
M0961,2024-06-07,,Other,58,46203,Classic
M0962,2024-03-26,2024-11-12,F,61,46250,Classic
M0963,2022-11-16,2024-07-25,M,22,46201,Black Card
M0964,2024-02-04,,F,26,46220,Classic
M0965,2023-06-23,,Other,31,46201,Classic
M0966,2024-05-17,,F,52,46220,Black Card
M0967,2022-05-19,,M,36,46220,Black Card
M0968,2023-09-20,,M,22,46205,Black Card
M0969,2024-11-12,,F,34,46203,Black Card
M0970,2022-08-27,2024-12-08,F,24,46220,Classic
M0971,2023-02-03,,Other,26,46201,Classic
M0972,2022-12-24,,F,40,46220,Classic
M0973,2022-08-16,,Other,19,46203,Classic
M0974,2023-02-13,,M,59,46205,Classic
M0975,2022-12-21,,F,58,46203,Black Card
M0976,2024-05-07,,F,20,46205,Black Card
M0977,2024-04-19,,F,62,46203,Black Card
M0978,2022-10-26,,F,51,46220,Classic
M0979,2023-09-09,,M,37,46205,Black Card
M0980,2024-09-23,,F,43,46250,Black Card
M0981,2024-12-09,,F,47,46250,Classic
M0982,2024-05-13,,M,35,46203,Classic
M0983,2023-01-02,,Other,30,46201,Classic
M0984,2024-07-31,,Other,38,46201,Classic
M0985,2022-08-03,,Other,60,46201,Classic
M0986,2022-09-12,,M,39,46220,Black Card
M0987,2024-05-10,,M,49,46205,Classic
M0988,2024-02-07,,M,43,46201,Black Card
M0989,2023-12-13,,M,33,46250,Black Card
M0990,2023-06-27,2024-08-05,M,27,46220,Black Card
M0991,2023-04-29,,F,32,46203,Classic
M0992,2023-06-10,,F,57,46250,Black Card
M0993,2022-10-20,,F,62,46250,Classic
M0994,2023-12-25,,M,28,46205,Black Card
M0995,2022-10-13,,M,63,46205,Classic
M0996,2023-07-09,,M,62,46201,Classic
M0997,2023-12-13,,M,40,46201,Black Card
M0998,2024-09-28,,F,22,46203,Classic
M0999,2024-12-30,,M,59,46220,Black Card
M1000,2022-02-16,,F,19,46205,Black Card
M1001,2022-12-03,,F,18,46205,Classic
M1002,2023-12-08,2024-08-08,M,26,46201,Black Card
M1003,2022-08-01,,F,20,46201,Classic
M1004,2023-09-03,,M,20,46205,Classic
M1005,2024-12-06,,F,54,46250,Classic
M1006,2022-10-17,,M,20,46203,Classic
M1007,2023-03-02,,M,32,46201,Classic
M1008,2023-11-18,,F,45,46201,Classic
M1009,2022-08-10,,Other,62,46205,Classic
M1010,2023-03-25,,F,55,46205,Classic
M1011,2022-05-21,,F,49,46205,Classic
M1012,2023-09-09,,F,55,46250,Black Card
M1013,2023-09-11,,M,20,46203,Classic
M1014,2023-09-10,,F,24,46220,Black Card
M1015,2022-03-24,2023-02-16,M,24,46205,Classic
M1016,2023-08-01,,F,28,46250,Black Card
M1017,2023-06-17,,F,50,46220,Black Card
M1018,2022-07-03,,F,18,46201,Classic
M1019,2023-05-02,,M,19,46201,Classic
M1020,2023-09-23,,F,26,46220,Classic
M1021,2023-01-22,,M,31,46205,Classic
M1022,2024-10-01,,M,30,46205,Classic
M1023,2023-05-21,,M,24,46205,Classic
M1024,2022-10-21,2023-03-09,F,27,46203,Classic
M1025,2022-07-12,,Other,35,46201,Black Card
M1026,2022-06-04,2022-08-17,F,59,46220,Classic
M1027,2022-02-22,,M,32,46203,Classic
M1028,2022-11-21,2023-04-18,F,50,46201,Black Card
M1029,2022-11-24,,M,56,46205,Classic
M1030,2023-10-02,,M,52,46201,Classic
M1031,2023-02-04,,M,28,46203,Classic
M1032,2022-03-13,,M,21,46220,Black Card
M1033,2022-07-13,2024-06-19,Other,56,46203,Classic
M1034,2022-10-04,,M,32,46220,Classic
M1035,2022-04-18,2022-09-01,F,49,46220,Classic
M1036,2022-11-01,2024-05-03,F,45,46205,Black Card
M1037,2022-04-12,,F,25,46205,Classic
M1038,2022-03-11,2023-03-14,Other,51,46203,Black Card
M1039,2022-06-12,,M,30,46220,Black Card
M1040,2024-06-30,,M,49,46250,Classic
M1041,2023-08-08,,F,60,46203,Black Card
M1042,2023-01-01,2024-12-26,M,46,46250,Classic
M1043,2022-06-07,,F,57,46201,Classic
M1044,2024-07-15,,M,53,46201,Black Card
M1045,2023-07-21,,F,35,46220,Black Card
M1046,2024-09-18,,M,56,46201,Classic
M1047,2022-10-18,,M,37,46250,Classic
M1048,2022-07-13,2022-11-03,F,20,46201,Classic
M1049,2023-03-07,,F,18,46250,Classic
M1050,2023-07-07,,M,57,46205,Black Card
M1051,2022-03-19,2022-12-31,F,20,46250,Classic
M1052,2023-11-25,,M,22,46250,Classic
M1053,2024-12-17,,M,37,46220,Classic
M1054,2022-03-23,2024-03-24,M,30,46220,Classic
M1055,2023-08-12,,Other,61,46220,Classic
M1056,2024-09-28,,M,26,46205,Classic
M1057,2024-12-06,,F,36,46203,Classic
M1058,2024-01-28,,M,55,46203,Black Card
M1059,2022-01-17,,F,35,46220,Black Card
M1060,2022-08-04,,F,44,46205,Classic
M1061,2024-01-22,2024-05-17,M,35,46250,Classic
M1062,2023-01-25,,M,29,46203,Classic
M1063,2023-11-21,,Other,45,46203,Classic
M1064,2022-01-13,,F,46,46220,Black Card
M1065,2022-09-12,,M,25,46220,Classic
M1066,2022-11-20,2024-04-26,M,42,46203,Black Card
M1067,2022-08-26,2023-01-28,Other,52,46205,Black Card
M1068,2022-08-28,2023-11-05,M,33,46220,Classic
M1069,2023-10-14,,M,27,46220,Classic
M1070,2024-03-24,,M,56,46250,Classic
M1071,2022-06-03,,F,51,46205,Black Card
M1072,2024-12-11,,M,64,46203,Black Card
M1073,2022-06-03,2024-11-08,Other,44,46205,Classic
M1074,2022-01-07,2024-04-28,M,30,46250,Classic
M1075,2023-08-06,,M,33,46205,Classic
M1076,2022-09-09,,F,44,46205,Classic
M1077,2023-02-07,,F,50,46220,Classic
M1078,2024-06-30,,M,62,46203,Classic
M1079,2023-09-28,,M,43,46203,Classic
M1080,2022-02-24,,M,63,46250,Classic
M1081,2024-09-10,2024-12-07,M,61,46205,Classic
M1082,2022-04-24,2022-08-05,Other,36,46205,Classic
M1083,2022-05-29,2024-03-13,F,35,46201,Black Card
M1084,2023-11-27,,M,62,46220,Classic
M1085,2024-03-20,,F,50,46203,Black Card
M1086,2023-02-16,,F,23,46205,Black Card
M1087,2022-11-30,2023-11-19,F,64,46250,Classic
M1088,2022-08-15,2023-10-28,M,59,46220,Classic
M1089,2024-06-18,2024-10-31,F,18,46203,Classic
M1090,2022-08-29,,M,44,46250,Classic
M1091,2022-09-19,,F,45,46201,Black Card
M1092,2022-10-09,2024-02-07,F,20,46203,Black Card
M1093,2022-09-09,2024-12-05,F,42,46220,Classic
M1094,2024-03-10,,M,57,46250,Classic
M1095,2024-01-05,2024-12-18,M,34,46250,Black Card
M1096,2023-07-28,2023-11-29,F,29,46201,Classic
M1097,2022-07-29,,F,53,46220,Classic
M1098,2022-06-04,2024-07-30,F,23,46203,Classic
M1099,2024-11-24,,M,27,46203,Classic
M1100,2024-11-09,,F,49,46250,Black Card
M1101,2023-07-25,,F,53,46220,Classic
M1102,2022-07-20,,M,26,46220,Black Card
M1103,2023-12-02,,F,41,46250,Classic
M1104,2024-10-04,,M,48,46250,Black Card
M1105,2024-11-07,,M,55,46220,Black Card
M1106,2022-06-29,,F,20,46201,Classic
M1107,2022-10-29,,M,52,46203,Classic
M1108,2022-08-09,,F,43,46201,Classic
M1109,2022-04-15,,F,46,46250,Classic
M1110,2024-03-26,2024-05-10,Other,31,46201,Black Card
M1111,2023-05-23,2024-09-14,Other,44,46201,Black Card
M1112,2022-01-02,2022-04-26,Other,19,46220,Black Card
M1113,2022-07-05,,F,64,46250,Classic
M1114,2024-10-26,,Other,39,46201,Black Card
M1115,2023-10-13,,M,58,46250,Black Card
M1116,2023-10-18,2024-07-06,M,38,46205,Classic
M1117,2024-07-08,,M,24,46201,Classic
M1118,2022-05-27,,Other,33,46201,Black Card
M1119,2023-05-14,2023-09-12,M,39,46201,Classic
M1120,2023-07-16,2024-01-08,Other,33,46250,Classic
M1121,2022-11-27,,M,50,46203,Black Card
M1122,2023-09-18,,F,63,46201,Classic
M1123,2023-07-22,2024-04-01,F,18,46201,Classic
M1124,2022-05-27,,F,44,46203,Classic
M1125,2023-11-14,2024-11-11,M,22,46205,Black Card
M1126,2024-09-23,,M,63,46250,Classic
M1127,2022-12-27,,M,64,46201,Classic
M1128,2022-12-29,,M,40,46205,Black Card
M1129,2023-08-26,,F,41,46201,Classic
M1130,2023-11-23,,M,20,46205,Classic
M1131,2024-09-30,,F,59,46203,Classic
M1132,2024-06-16,,F,55,46220,Classic
M1133,2023-01-06,,F,48,46201,Classic
M1134,2023-03-15,,Other,23,46205,Classic
M1135,2024-07-28,,F,37,46205,Classic
M1136,2024-02-20,2024-10-08,F,54,46203,Classic
M1137,2023-04-17,2023-05-29,M,53,46205,Black Card
M1138,2024-05-13,,F,55,46250,Classic
M1139,2022-09-26,,F,24,46205,Black Card
M1140,2022-08-11,2023-11-21,M,32,46220,Classic
M1141,2024-05-07,,F,53,46203,Classic
M1142,2024-05-04,,M,46,46203,Classic
M1143,2023-03-18,,M,48,46203,Classic
M1144,2022-11-30,,F,29,46205,Black Card
M1145,2023-09-29,,F,53,46205,Black Card
M1146,2024-09-27,,M,58,46203,Classic
M1147,2022-01-25,,F,30,46250,Black Card
M1148,2024-03-04,,M,57,46220,Black Card
M1149,2024-09-26,,M,44,46220,Classic
M1150,2022-10-04,2022-11-17,M,63,46205,Black Card
M1151,2024-02-03,,F,53,46201,Black Card
M1152,2022-09-24,2023-04-07,M,46,46203,Classic
M1153,2023-06-27,,Other,53,46250,Classic
M1154,2023-11-08,,M,35,46250,Classic
M1155,2022-08-18,,M,57,46220,Black Card
M1156,2022-05-31,2024-06-01,M,53,46250,Classic
M1157,2022-12-16,,M,50,46250,Black Card
M1158,2023-02-18,,M,38,46203,Classic
M1159,2024-09-12,,M,57,46201,Black Card
M1160,2024-02-27,,M,19,46205,Black Card
M1161,2023-06-25,,M,61,46220,Classic
M1162,2023-03-19,,F,35,46250,Classic
M1163,2024-11-23,,M,43,46220,Black Card
M1164,2022-05-16,,F,31,46203,Black Card
M1165,2023-10-11,,Other,32,46250,Black Card
M1166,2022-12-21,2023-09-06,M,50,46203,Black Card
M1167,2022-05-10,,F,36,46250,Classic
M1168,2024-10-06,,M,35,46250,Classic
M1169,2024-11-01,,F,42,46205,Classic
M1170,2024-03-27,,M,58,46250,Classic
M1171,2023-03-30,,F,27,46220,Classic
M1172,2024-05-16,,M,32,46220,Classic
M1173,2022-07-22,,M,56,46201,Classic
M1174,2022-03-11,,F,35,46250,Classic
M1175,2023-12-13,,M,57,46205,Classic
M1176,2024-06-29,,M,18,46220,Black Card
M1177,2024-10-09,,M,36,46205,Classic
M1178,2023-12-31,,M,54,46203,Classic
M1179,2022-06-24,,M,54,46205,Black Card
M1180,2023-01-12,,F,26,46203,Black Card
M1181,2022-04-18,,F,41,46220,Classic
M1182,2022-09-21,,M,43,46250,Classic
M1183,2022-10-06,,M,31,46201,Classic
M1184,2023-09-15,,Other,26,46203,Classic
M1185,2024-03-25,2024-11-02,F,22,46250,Classic
M1186,2023-06-28,,F,58,46205,Classic
M1187,2023-02-24,,F,59,46201,Classic
M1188,2023-07-08,,F,58,46203,Classic
M1189,2022-04-24,,F,53,46203,Classic
M1190,2022-01-27,,F,21,46220,Black Card
M1191,2022-10-25,2024-12-25,F,20,46205,Classic
M1192,2023-01-29,,F,20,46220,Classic
M1193,2023-01-03,2024-08-11,F,31,46203,Black Card
M1194,2022-04-19,2022-08-23,M,28,46220,Classic
M1195,2024-10-07,,F,45,46250,Classic
M1196,2022-12-04,2023-01-07,M,59,46205,Classic
M1197,2024-04-23,2024-07-15,M,23,46220,Classic
M1198,2024-08-10,,M,42,46203,Classic
M1199,2022-08-08,,F,35,46201,Black Card
M1200,2022-05-07,2022-06-21,F,42,46201,Black Card
M1201,2022-09-24,2024-08-17,M,30,46250,Classic
M1202,2023-10-24,,F,25,46220,Classic
M1203,2023-11-18,,F,29,46205,Black Card
M1204,2023-03-24,,F,33,46205,Black Card
M1205,2023-02-13,2023-03-27,Other,58,46203,Black Card
M1206,2024-02-25,,F,48,46201,Classic
M1207,2023-03-10,,M,22,46205,Black Card
M1208,2023-01-28,,F,36,46201,Black Card
M1209,2023-07-22,,M,44,46201,Black Card
M1210,2022-08-07,,F,30,46205,Classic
M1211,2023-12-30,,F,58,46220,Black Card
M1212,2022-12-21,,M,26,46201,Black Card
M1213,2022-04-17,,M,32,46203,Classic
M1214,2022-12-13,,Other,37,46201,Black Card
M1215,2024-04-29,,M,47,46205,Classic
M1216,2022-12-12,,M,61,46201,Black Card
M1217,2022-05-07,,F,20,46250,Black Card
M1218,2022-10-25,,F,41,46250,Classic
M1219,2024-01-05,,F,59,46220,Black Card
M1220,2023-10-17,,M,27,46201,Classic
M1221,2023-08-19,,F,26,46220,Black Card
M1222,2024-05-20,,M,20,46220,Classic
M1223,2024-04-09,,F,32,46250,Classic
M1224,2022-03-28,,M,24,46250,Black Card
M1225,2024-02-03,,M,34,46201,Classic
M1226,2022-08-10,,Other,22,46220,Black Card
M1227,2023-03-05,,M,20,46205,Black Card
M1228,2023-12-07,,M,51,46203,Classic
M1229,2023-10-24,2024-04-01,F,45,46220,Classic
M1230,2023-08-14,,F,32,46220,Classic
M1231,2024-10-04,,M,21,46220,Black Card
M1232,2024-10-15,2024-12-12,M,38,46220,Classic
M1233,2022-09-01,,M,24,46201,Classic
M1234,2022-10-30,,F,39,46250,Classic
M1235,2022-07-08,,F,53,46250,Black Card
M1236,2022-09-07,,M,58,46205,Classic
M1237,2024-06-14,,F,42,46250,Black Card
M1238,2024-02-10,,F,54,46205,Classic
M1239,2024-09-22,,M,42,46203,Black Card
M1240,2023-05-26,,F,53,46250,Classic
M1241,2022-08-08,,F,35,46203,Classic
M1242,2023-05-12,,M,26,46203,Black Card
M1243,2024-10-29,,M,20,46220,Classic
M1244,2024-09-18,,M,21,46205,Black Card
M1245,2024-10-25,,M,37,46201,Classic
M1246,2022-05-29,,M,27,46205,Black Card
M1247,2023-09-03,,Other,29,46205,Classic
M1248,2022-10-08,,F,59,46205,Black Card
M1249,2023-06-08,,F,43,46201,Black Card
M1250,2024-07-11,,M,18,46250,Classic
M1251,2023-09-14,,M,21,46201,Classic
M1252,2024-12-05,,F,22,46201,Classic
M1253,2024-02-22,,Other,35,46201,Classic
M1254,2023-08-14,,F,52,46203,Classic
M1255,2023-12-15,,F,34,46203,Classic
M1256,2024-11-04,,F,19,46220,Classic
M1257,2022-02-18,,M,31,46205,Black Card
M1258,2024-03-05,,M,20,46205,Black Card
M1259,2023-01-08,,F,37,46250,Classic
M1260,2023-07-29,,Other,23,46250,Classic
M1261,2024-08-17,,F,39,46201,Classic
M1262,2024-01-22,,M,21,46203,Classic
M1263,2022-04-28,2024-06-19,F,24,46220,Classic
M1264,2022-02-12,,M,53,46250,Classic
M1265,2024-04-03,,M,43,46201,Black Card
M1266,2022-07-08,,M,29,46203,Black Card
M1267,2024-10-20,,F,57,46203,Classic
M1268,2024-09-25,,M,33,46205,Black Card
M1269,2022-11-11,,F,48,46220,Classic
M1270,2024-05-30,,M,47,46250,Black Card
M1271,2022-07-11,2022-09-07,M,21,46220,Black Card
M1272,2022-01-10,,F,54,46205,Black Card
M1273,2024-07-15,,F,64,46250,Black Card
M1274,2024-08-16,,F,36,46250,Black Card
M1275,2023-03-05,,M,45,46250,Classic
M1276,2022-03-13,,F,59,46201,Black Card
M1277,2022-08-13,,M,47,46220,Black Card
M1278,2023-07-29,,F,39,46220,Black Card
M1279,2024-06-02,,M,62,46250,Classic
M1280,2023-01-17,,F,35,46205,Black Card
M1281,2023-02-28,,M,60,46201,Classic
M1282,2024-04-14,,F,53,46250,Classic
M1283,2024-10-30,,F,20,46203,Classic
M1284,2023-04-19,,M,40,46220,Classic
M1285,2022-06-24,2024-07-10,M,56,46220,Black Card
M1286,2024-11-27,,F,46,46201,Classic
M1287,2023-09-13,,M,57,46250,Black Card
M1288,2024-12-08,,M,37,46201,Black Card
M1289,2022-09-15,2022-12-14,F,57,46201,Black Card
M1290,2024-05-18,,F,41,46220,Black Card
M1291,2024-05-07,2024-06-30,F,52,46203,Black Card
M1292,2024-06-07,,M,50,46203,Black Card
M1293,2023-07-18,2024-12-16,M,37,46201,Classic
M1294,2023-03-04,,F,46,46205,Classic
M1295,2024-07-15,,Other,18,46203,Black Card
M1296,2022-09-29,,M,32,46250,Classic
M1297,2023-03-16,,F,41,46250,Black Card
M1298,2024-09-27,,Other,54,46250,Classic
M1299,2024-03-18,,F,33,46205,Classic
M1300,2024-05-28,,M,42,46201,Classic
M1301,2023-11-13,,F,18,46201,Classic
M1302,2022-04-28,,F,32,46205,Classic
M1303,2023-07-31,,Other,38,46205,Classic
M1304,2023-02-02,2023-05-31,F,26,46201,Classic
M1305,2022-11-14,2024-03-02,F,34,46220,Classic
M1306,2024-02-23,,M,52,46220,Classic
M1307,2024-07-02,,M,39,46203,Classic
M1308,2022-10-14,2022-11-28,F,43,46201,Classic
M1309,2022-09-13,2024-10-21,M,42,46201,Classic
M1310,2022-03-23,2023-03-19,M,47,46220,Classic
M1311,2022-10-14,2024-07-09,M,61,46220,Black Card
M1312,2022-06-08,,F,28,46250,Classic
M1313,2023-12-18,,M,40,46220,Classic
M1314,2022-04-21,,Other,36,46205,Black Card
M1315,2024-07-29,,Other,38,46205,Classic
M1316,2023-10-29,,M,63,46201,Classic
M1317,2023-04-10,,F,62,46220,Classic
M1318,2024-07-18,,F,20,46201,Black Card
M1319,2023-08-22,,M,20,46205,Classic
M1320,2022-01-28,,M,51,46203,Classic
M1321,2023-12-24,,Other,19,46250,Classic
M1322,2024-10-24,,M,22,46203,Classic
M1323,2022-10-07,,F,40,46250,Black Card
M1324,2024-07-20,,M,25,46203,Classic
M1325,2023-04-20,,F,20,46203,Black Card
M1326,2023-04-22,,F,21,46203,Classic
M1327,2024-07-21,,F,27,46203,Classic
M1328,2024-08-18,,M,33,46250,Classic
M1329,2023-02-22,,F,21,46250,Classic
M1330,2024-05-17,,M,35,46250,Classic
M1331,2024-09-18,,M,52,46205,Classic
M1332,2022-02-05,,M,24,46205,Black Card
M1333,2024-04-12,,Other,40,46203,Black Card
M1334,2023-10-13,,F,56,46203,Classic
M1335,2022-09-10,,F,42,46201,Black Card
M1336,2022-04-29,2022-06-23,M,23,46205,Classic
M1337,2022-07-25,2023-01-30,F,18,46201,Black Card
M1338,2024-12-19,,M,46,46250,Classic
M1339,2022-06-03,2024-05-01,F,34,46205,Classic
M1340,2022-09-25,,F,26,46220,Black Card
M1341,2022-08-13,,F,62,46205,Black Card
M1342,2023-12-13,,F,30,46250,Classic
M1343,2023-03-19,,Other,53,46220,Classic
M1344,2023-11-17,,Other,37,46250,Black Card
M1345,2024-09-09,,F,33,46203,Black Card
M1346,2024-11-04,,F,24,46205,Classic
M1347,2024-01-16,,F,23,46203,Classic
M1348,2022-01-18,,M,37,46205,Classic
M1349,2022-05-09,,Other,24,46205,Classic
M1350,2024-12-21,,Other,19,46205,Black Card
M1351,2022-10-23,,M,36,46220,Black Card
M1352,2022-04-01,,F,44,46201,Black Card
M1353,2024-10-12,,F,31,46201,Classic
M1354,2024-04-24,,F,57,46201,Black Card
M1355,2023-03-13,,F,21,46205,Classic
M1356,2023-06-26,,F,49,46220,Black Card
M1357,2024-11-07,2024-12-18,M,35,46201,Black Card
M1358,2024-09-16,,F,22,46205,Classic
M1359,2022-07-03,2023-09-29,M,57,46220,Black Card
M1360,2024-07-22,,F,47,46250,Black Card
M1361,2024-11-30,,Other,31,46220,Classic
M1362,2023-05-06,,F,19,46203,Black Card
M1363,2022-10-15,,F,51,46220,Black Card
M1364,2023-11-29,,F,39,46205,Classic
M1365,2023-09-03,,F,50,46201,Black Card
M1366,2024-09-15,,M,20,46250,Black Card
M1367,2022-05-11,,Other,63,46201,Classic
M1368,2022-05-09,,F,52,46220,Black Card
M1369,2024-09-24,,M,48,46203,Black Card
M1370,2024-09-16,2024-10-21,F,64,46203,Black Card
M1371,2022-12-04,,M,61,46203,Black Card
M1372,2023-05-20,,M,33,46220,Classic
M1373,2024-05-20,2024-11-18,F,60,46220,Classic
M1374,2022-04-30,,M,35,46220,Classic
M1375,2022-02-08,2022-07-24,M,48,46250,Black Card
M1376,2023-04-16,2024-09-14,M,34,46205,Classic
M1377,2022-01-03,,F,64,46201,Classic
M1378,2023-01-27,,M,38,46203,Classic
M1379,2022-08-08,,F,64,46250,Classic
M1380,2022-12-02,2024-04-22,F,32,46203,Classic
M1381,2022-09-25,2023-01-04,F,32,46203,Classic
M1382,2024-07-22,,F,59,46205,Classic
M1383,2022-06-20,2024-05-31,F,58,46205,Classic
M1384,2024-07-30,,F,49,46205,Classic
M1385,2024-01-19,,F,63,46203,Black Card
M1386,2022-11-30,,M,52,46220,Black Card
M1387,2022-09-28,,M,39,46205,Black Card
M1388,2022-01-25,,M,47,46201,Classic
M1389,2024-12-19,,Other,61,46250,Classic
M1390,2023-11-09,,M,54,46205,Classic
M1391,2024-11-18,,F,41,46250,Black Card
M1392,2022-05-24,,F,45,46205,Classic
M1393,2023-03-23,,F,36,46201,Classic
M1394,2024-10-12,,Other,38,46220,Black Card
M1395,2022-05-14,,M,52,46220,Black Card
M1396,2023-06-07,,M,58,46203,Classic
M1397,2024-09-17,,F,29,46250,Classic
M1398,2023-11-27,2024-04-28,F,34,46203,Classic
M1399,2023-04-07,,M,58,46220,Black Card
M1400,2023-04-01,,F,30,46203,Classic
M1401,2023-11-01,,M,33,46201,Black Card
M1402,2022-10-24,2024-01-24,M,40,46203,Black Card
M1403,2024-01-19,,M,54,46205,Classic
M1404,2023-07-12,,F,34,46205,Classic
M1405,2022-10-25,,M,33,46205,Black Card
M1406,2023-12-08,,F,43,46201,Black Card
M1407,2022-09-11,,M,48,46203,Black Card
M1408,2022-02-03,,F,27,46220,Black Card
M1409,2024-01-24,,F,26,46205,Black Card
M1410,2023-02-14,,F,55,46250,Classic
M1411,2024-01-07,,F,39,46220,Classic
M1412,2024-08-30,,F,57,46220,Classic
M1413,2023-02-24,,F,57,46205,Classic
M1414,2022-07-16,2022-09-15,M,25,46250,Classic
M1415,2023-04-22,,M,42,46201,Black Card
M1416,2023-09-26,,Other,59,46203,Classic
M1417,2024-02-16,,M,22,46220,Black Card
M1418,2023-05-19,,Other,52,46220,Classic
M1419,2023-11-19,,F,59,46250,Classic
M1420,2022-05-18,,F,29,46205,Classic
M1421,2022-08-23,,F,21,46250,Classic
M1422,2023-06-26,,F,26,46205,Classic
M1423,2024-12-03,,F,48,46201,Classic
M1424,2022-12-12,2023-06-21,M,34,46205,Classic
M1425,2024-02-21,,M,62,46220,Classic
M1426,2023-05-02,,F,43,46201,Classic
M1427,2024-03-29,,F,30,46201,Black Card
M1428,2024-10-01,,F,46,46220,Classic
M1429,2024-11-09,,F,26,46201,Black Card
M1430,2023-11-13,,F,25,46201,Black Card
M1431,2022-04-11,2024-03-18,F,27,46250,Classic
M1432,2022-05-23,,F,61,46250,Black Card
M1433,2023-01-13,,M,19,46205,Black Card
M1434,2024-02-06,,F,52,46220,Classic
M1435,2023-05-13,,F,41,46205,Classic
M1436,2022-11-17,,M,50,46250,Classic
M1437,2023-08-10,,F,24,46205,Classic
M1438,2023-01-02,2024-03-21,F,38,46205,Classic
M1439,2022-02-24,,M,23,46205,Classic
M1440,2022-04-01,,M,21,46205,Classic
M1441,2023-10-20,2024-08-22,M,26,46250,Black Card
M1442,2023-01-24,,M,28,46205,Classic
M1443,2024-06-21,,Other,51,46205,Classic
M1444,2023-03-06,,F,42,46205,Classic
M1445,2024-09-28,,M,57,46220,Classic
M1446,2023-12-28,,F,51,46250,Black Card
M1447,2024-10-20,,F,28,46220,Black Card
M1448,2024-07-09,,Other,19,46203,Black Card
M1449,2024-10-16,,Other,33,46220,Black Card
M1450,2023-07-13,2024-01-29,M,38,46250,Classic
M1451,2022-03-29,,F,35,46250,Classic
M1452,2024-09-15,,F,26,46205,Classic
M1453,2023-06-07,,M,33,46203,Classic
M1454,2023-09-20,,Other,63,46250,Black Card
M1455,2023-12-19,,F,50,46250,Classic
M1456,2022-04-13,,Other,50,46205,Classic
M1457,2022-11-23,,M,40,46250,Black Card
M1458,2024-01-04,,F,62,46250,Classic
M1459,2022-05-31,,M,51,46250,Black Card
M1460,2022-04-30,,F,44,46201,Classic
M1461,2022-09-25,,F,23,46203,Classic
M1462,2023-09-27,,Other,46,46250,Classic
M1463,2024-12-09,,F,53,46201,Classic
M1464,2024-12-12,,F,26,46250,Classic
M1465,2022-10-02,,M,30,46205,Black Card
M1466,2024-03-20,,F,21,46203,Classic
M1467,2024-12-28,,F,28,46250,Black Card
M1468,2022-02-20,,M,60,46201,Classic
M1469,2023-08-19,,M,42,46201,Classic
M1470,2022-01-09,,M,51,46203,Classic
M1471,2024-12-07,,F,31,46201,Black Card
M1472,2023-02-12,,F,39,46203,Black Card
M1473,2022-09-03,,F,34,46203,Classic
M1474,2024-12-19,,M,50,46250,Classic
M1475,2022-01-02,2022-07-24,F,25,46201,Classic
M1476,2023-02-13,,Other,50,46250,Classic
M1477,2022-09-04,,F,19,46203,Black Card
M1478,2022-11-11,,F,26,46201,Classic
M1479,2023-11-22,,M,60,46205,Black Card
M1480,2023-06-24,,F,21,46201,Classic
M1481,2022-08-16,2022-12-06,F,33,46250,Classic
M1482,2023-06-25,2023-10-27,M,55,46203,Classic
M1483,2023-09-03,,F,18,46201,Black Card
M1484,2022-07-26,2023-02-15,M,42,46201,Black Card
M1485,2023-02-22,,F,52,46203,Black Card
M1486,2023-04-07,,M,56,46220,Classic
M1487,2022-05-23,2022-08-06,M,18,46220,Classic
M1488,2024-04-26,2024-11-07,F,64,46220,Black Card
M1489,2022-04-15,2024-09-17,F,45,46201,Black Card
M1490,2022-01-13,,M,52,46201,Classic
M1491,2022-03-15,,M,42,46220,Black Card
M1492,2024-11-17,,M,41,46201,Black Card
M1493,2022-12-23,2024-03-28,F,38,46220,Classic
M1494,2023-01-08,,M,53,46201,Classic
M1495,2024-07-26,,M,52,46201,Classic
M1496,2023-08-08,,F,28,46203,Classic
M1497,2022-10-30,,F,41,46250,Classic
M1498,2022-04-16,,F,55,46250,Black Card
M1499,2022-04-19,,Other,40,46220,Black Card
M1500,2023-08-14,,F,52,46203,Classic
